{
  "version": 1,
  "author": "AKASH T 20CS002",
  "editor": "wokwi",
  "parts": [
    { "type": "wokwi-arduino-uno", "id": "uno", "top": 5.68, "left": -25.26, "attrs": {} },
    {
      "type": "wokwi-photoresistor-sensor",
      "id": "ldr1",
      "top": -70.66,
      "left": 232.53,
      "attrs": {}
    },
    { "type": "wokwi-pir-motion-sensor", "id": "pir1", "top": -111.47, "left": 32.6, "attrs": {} },
    {
      "type": "wokwi-led",
      "id": "led1",
      "top": 84.04,
      "left": 587.5,
      "attrs": { "color": "red" }
    },
    {
      "type": "wokwi-buzzer",
      "id": "bz1",
      "top": 262.95,
      "left": -150.47,
      "attrs": { "volume": "0.1" }
    }
  ],
  "connections": [
    [ "pir1:VCC", "uno:5V", "red", [ "v25.74", "h-125.99", "v220.61", "h97.19" ] ],
    [ "pir1:OUT", "uno:2", "green", [ "v15.43", "h134.3" ] ],
    [ "pir1:GND", "uno:GND.2", "black", [ "v259.77", "h3.37" ] ],
    [ "bz1:2", "uno:4", "green", [ "v47.96", "h-118.47", "v-412.31", "h422.81", "v26.72" ] ],
    [ "ldr1:VCC", "uno:5V", "red", [ "h39.11", "v263.46", "h-309.23" ] ],
    [ "led1:C", "uno:GND.2", "green", [ "v190.72", "h-462.12", "v-110.09" ] ],
    [ "led1:A", "uno:3", "green", [ "v-78.4", "h-370.19", "v-73.39", "h-42.13", "v35.34" ] ],
    [ "bz1:1", "uno:GND.3", "green", [ "v143.78", "h304.62" ] ],
    [
      "ldr1:GND",
      "ldr1:DO",
      "black",
      [ "h18.55", "v457.92", "h-269.11", "v-2.72", "h0", "v5.44", "h139.99", "v57.08" ]
    ],
    [ "ldr1:DO", "uno:A0", "green", [ "h125.92", "v299.97", "h-349.3" ] ]
  ],
  "dependencies": {}
}